G,G,T,G,A,T,G,T,C,G,G,A,A,T,T,T,G,C,A,C,C,T,A,T,T,T,G,T,A,T,C,T,A,T,T,T,A,G,T,G,A,T,C,A,G,T,C,C,G,C,T,A,G,T,T,T,C,T,T,T,G,A,T,T,C,C,A,C,T,C,G,G,T,G,T,T,C,C,T,T,T,T,C,C,A,T,T,T,G,C,T,T,C,C,A,A,T,A,G,T,T,C,G,A,C,C,T,A,T,C,C,A,G,A,A,A,A,A,T,T,G,T,C,G,G,C,C,T,A,C,G,A,A,T,G,T,G,G,T,T,T,C,G,A,T,C,C,C,T,C,C,G,G,T,G,A,T,G,C,C,A,G,A,A,G,T,C,G,T,T,T,C,G,A,T,A,T,A,C,G,A,T,T,T,T,A,T,C,C,G,G,T,T,C,C,T,A,T,T,T,T,A,T,T,T,A,T,T,A,T,C,C,C,T,G,A,T,C,C,G,G,A,A,G,T,C,A,C,C,T,T,T,T,C,T,T,T,T,C,C,T,T,G,G,G,C,A,G,T,A,C,C,T,C,C,T,A,A,C,A,A,G,A,T,T,G,A,T,C,T,G,T,T,T,G,G,A,T,C,T,T,G,G,T,C,C,A,T,G,A,T,G,G,C,C,T,T,T,T,T,A,T,T,G,A,T,T,T,T,G,A,C,G,A,T,T,G,G,A,T,C,T,C,T,C,T,A,T,G,A,A,T,G,G,A,A,A,A,G,G,G,G,T,G,C,T,T,C,G,G,A,T,C,G,G,G,A,G,T,A,A,C,T,A,C,T,A,G,T,G,A,A,A,G,G,G,C,T,A,A,G,G,G,G,G,G,A,A,G,G,A,C,A,T,A,G,G,A,A,A,G,A,G,G,G,A,T,G,C,C,T,A,C,A,A,A,A,A,A,T,C,A,A,T,T,G,A,T,T,C,G,T,C,A,T,G,G,T,A,G,A,G,A,A,G,A,A,A,A,A,C,G,G,C,G,C,A,C,G,G,A,C,C,G,T,A,C,T,C,G,A,G,C,T,T,C,G,G,A,T,C,A,A,T,G,T,C,C,C,C,A,G,A,A,G,C,A,A,G,G,A
T,A,T,C,C,C,T,G,A,T,C,C,G,G,A,A,G,T,C,A,C,C,T,T,T,T,C,T,T,T,T,C,C,T,T,G,G,G,C,A,G,T,A,C,C,T,C,C,T,A,A,C,A,A,G,A,T,T,G,A,T,C,T,G,T,T,T,G,G,A,T,C,T,T,G,G,T,C,C,A,T,G,A,T,G,G,C,C,T,T,T,T,T,A,T,T,G,A,T,T,T,T,G,A,C,G,A,T,T,G,G,A,T,C,T,C,T,C,T,A,T,G,A,A,T,G,G,A,A,A,A,G,G,G,G,T,G,C,T,T,C,G,G,A,T,C,G,G,G,A,G,T,A,A,C,T,A,C,T,A,G,T,G,A,A,A,G,G,G,C,T,A,A,G,G,G,G,G,G,A,A,G,G,A,C,A,T,A,G,G,A,A,A,G,A,G,G,G,A,T,G,C,C,T,A,C,A,A,A,A,A,A,T,C,A,A,T,T,G,A,T,T,C,G,T,C,A,T,G,G,T,A,G,A,G,A,A,G,A,A,A,A,A,C,G,G,C,G,C,A,C,G,G,A,C,C,G,T,A,C,T,C,G,A,G,C,T,T,C,G,G,A,T,C,A,A,T,G,T,C,C,C,C,A,G,A,A,G,C,A,A,G,G,A,G,T,A,T,G,C,C,T,G,C,G,T,G,T,T,T,C,G,A,C,G,A,G,A,A,C,A,C,C,G,A,A,A,A,A,A,C,C,T,A,A,T,T,C,A,G,C,T,C,T,A,C,G,T,A,A,G,A,T,A,G,C,A,A,A,A,G,T,A,C,G,G,T,T,G,A,G,C,A,A,T,C,G,A,C,A,T,G,A,T,A,T,A,T,T,T,G,C,T,C,A,C,A,T,T,C,C,A,G,G,C,G,A,A,G,G,T,C,A,T,A,A,T,T,C,G,C,A,G,G,A,A,C,A,T,T,C,T,A,T,A,G,T,C,T,T,A,G,T,C,A,G,A,G,G,A,G,G,T,A,G,A,G,T,G,A,A,A,G,A,T,T,C,G,C,C,A,G,G,T,G,T,G,A,A,A,T,C,C,C,A,T,C,G,T,A,T,T,C,G,A,G,G,A,G,T,C
G,A,C,C,T,A,T,C,C,A,G,A,A,A,A,A,T,T,G,T,C,G,G,C,C,T,A,C,G,A,A,T,G,T,G,G,T,T,T,C,G,A,T,C,C,C,T,C,C,G,G,T,G,A,T,G,C,C,A,G,A,A,G,T,C,G,T,T,T,C,G,A,T,A,T,A,C,G,A,T,T,T,T,A,T,C,C,G,G,T,T,C,C,T,A,T,T,T,T,A,T,T,T,A,T,T,A,T,C,C,C,T,G,A,T,C,C,G,G,A,A,G,T,C,A,C,C,T,T,T,T,C,T,T,T,T,C,C,T,T,G,G,G,C,A,G,T,A,C,C,T,C,C,T,A,A,C,A,A,G,A,T,T,G,A,T,C,T,G,T,T,T,G,G,A,T,C,T,T,G,G,T,C,C,A,T,G,A,T,G,G,C,C,T,T,T,T,T,A,T,T,G,A,T,T,T,T,G,A,C,G,A,T,T,G,G,A,T,C,T,C,T,C,T,A,T,G,A,A,T,G,G,A,A,A,A,G,G,G,G,T,G,C,T,T,C,G,G,A,T,C,G,G,G,A,G,T,A,A,C,T,A,C,T,A,G,T,G,A,A,A,G,G,G,C,T,A,A,G,G,G,G,G,G,A,A,G,G,A,C,A,T,A,G,G,A,A,A,G,A,G,G,G,A,T,G,C,C,T,A,C,A,A,A,A,A,A,T,C,A,A,T,T,G,A,T,T,C,G,T,C,A,T,G,G,T,A,G,A,G,A,A,G,A,A,A,A,A,C,G,G,C,G,C,A,C,G,G,A,C,C,G,T,A,C,T,C,G,A,G,C,T,T,C,G,G,A,T,C,A,A,T,G,T,C,C,C,C,A,G,A,A,G,C,A,A,G,G,A,G,T,A,T,G,C,C,T,G,C,G,T,G,T,T,T,C,G,A,C,G,A,G,A,A,C,A,C,C,G,A,A,A,A,A,A,C,C,T,A,A,T,T,C,A,G,C,T,C,T,A,C,G,T,A,A,G,A,T,A,G,C,A,A,A,A,G,T,A,C,G,G,T,T,G,A,G,C,A,A,T,C,G,A,C,A,T,G,A,T,A,T,A,T,T,T,G,C,T,C,A,C
C,T,T,G,G,T,C,C,A,T,G,A,T,G,G,C,C,T,T,T,T,T,A,T,T,G,A,T,T,T,T,G,A,C,G,A,T,T,G,G,A,T,C,T,C,T,C,T,A,T,G,A,A,T,G,G,A,A,A,A,G,G,G,G,T,G,C,T,T,C,G,G,A,T,C,G,G,G,A,G,T,A,A,C,T,A,C,T,A,G,T,G,A,A,A,G,G,G,C,T,A,A,G,G,G,G,G,G,A,A,G,G,A,C,A,T,A,G,G,A,A,A,G,A,G,G,G,A,T,G,C,C,T,A,C,A,A,A,A,A,A,T,C,A,A,T,T,G,A,T,T,C,G,T,C,A,T,G,G,T,A,G,A,G,A,A,G,A,A,A,A,A,C,G,G,C,G,C,A,C,G,G,A,C,C,G,T,A,C,T,C,G,A,G,C,T,T,C,G,G,A,T,C,A,A,T,G,T,C,C,C,C,A,G,A,A,G,C,A,A,G,G,A,G,T,A,T,G,C,C,T,G,C,G,T,G,T,T,T,C,G,A,C,G,A,G,A,A,C,A,C,C,G,A,A,A,A,A,A,C,C,T,A,A,T,T,C,A,G,C,T,C,T,A,C,G,T,A,A,G,A,T,A,G,C,A,A,A,A,G,T,A,C,G,G,T,T,G,A,G,C,A,A,T,C,G,A,C,A,T,G,A,T,A,T,A,T,T,T,G,C,T,C,A,C,A,T,T,C,C,A,G,G,C,G,A,A,G,G,T,C,A,T,A,A,T,T,C,G,C,A,G,G,A,A,C,A,T,T,C,T,A,T,A,G,T,C,T,T,A,G,T,C,A,G,A,G,G,A,G,G,T,A,G,A,G,T,G,A,A,A,G,A,T,T,C,G,C,C,A,G,G,T,G,T,G,A,A,A,T,C,C,C,A,T,C,G,T,A,T,T,C,G,A,G,G,A,G,T,C,A,A,G,G,A,T,T,T,G,C,T,G,G,G,A,A,T,T,C,C,G,G,A,T,C,G,T,A,G,A,A,A,G,G,G,A,A,G,A,T,C,T,A,A,A,T,A,T,G,G,T,G,C,A,G,A,A,A,G,A,C,C,A,A,A,A,T,C,G,A,A
G,A,T,G,G,C,C,T,T,T,T,T,A,T,T,G,A,T,T,T,T,G,A,C,G,A,T,T,G,G,A,T,C,T,C,T,C,T,A,T,G,A,A,T,G,G,A,A,A,A,G,G,G,G,T,G,C,T,T,C,G,G,A,T,C,G,G,G,A,G,T,A,A,C,T,A,C,T,A,G,T,G,A,A,A,G,G,G,C,T,A,A,G,G,G,G,G,G,A,A,G,G,A,C,A,T,A,G,G,A,A,A,G,A,G,G,G,A,T,G,C,C,T,A,C,A,A,A,A,A,A,T,C,A,A,T,T,G,A,T,T,C,G,T,C,A,T,G,G,T,A,G,A,G,A,A,G,A,A,A,A,A,C,G,G,C,G,C,A,C,G,G,A,C,C,G,T,A,C,T,C,G,A,G,C,T,T,C,G,G,A,T,C,A,A,T,G,T,C,C,C,C,A,G,A,A,G,C,A,A,G,G,A,G,T,A,T,G,C,C,T,G,C,G,T,G,T,T,T,C,G,A,C,G,A,G,A,A,C,A,C,C,G,A,A,A,A,A,A,C,C,T,A,A,T,T,C,A,G,C,T,C,T,A,C,G,T,A,A,G,A,T,A,G,C,A,A,A,A,G,T,A,C,G,G,T,T,G,A,G,C,A,A,T,C,G,A,C,A,T,G,A,T,A,T,A,T,T,T,G,C,T,C,A,C,A,T,T,C,C,A,G,G,C,G,A,A,G,G,T,C,A,T,A,A,T,T,C,G,C,A,G,G,A,A,C,A,T,T,C,T,A,T,A,G,T,C,T,T,A,G,T,C,A,G,A,G,G,A,G,G,T,A,G,A,G,T,G,A,A,A,G,A,T,T,C,G,C,C,A,G,G,T,G,T,G,A,A,A,T,C,C,C,A,T,C,G,T,A,T,T,C,G,A,G,G,A,G,T,C,A,A,G,G,A,T,T,T,G,C,T,G,G,G,A,A,T,T,C,C,G,G,A,T,C,G,T,A,G,A,A,A,G,G,G,A,A,G,A,T,C,T,A,A,A,T,A,T,G,G,T,G,C,A,G,A,A,A,G,A,C,C,A,A,A,A,T,C,G,A,A,A,T,G,A,A,T,G,G,A,A
T,G,T,T,C,C,T,T,T,T,C,C,A,T,T,T,G,C,T,T,C,C,A,A,T,A,G,T,T,C,G,A,C,C,T,A,T,C,C,A,G,A,A,A,A,A,T,T,G,T,C,G,G,C,C,T,A,C,G,A,A,T,G,T,G,G,T,T,T,C,G,A,T,C,C,C,T,C,C,G,G,T,G,A,T,G,C,C,A,G,A,A,G,T,C,G,T,T,T,C,G,A,T,A,T,A,C,G,A,T,T,T,T,A,T,C,C,G,G,T,T,C,C,T,A,T,T,T,T,A,T,T,T,A,T,T,A,T,C,C,C,T,G,A,T,C,C,G,G,A,A,G,T,C,A,C,C,T,T,T,T,C,T,T,T,T,C,C,T,T,G,G,G,C,A,G,T,A,C,C,T,C,C,T,A,A,C,A,A,G,A,T,T,G,A,T,C,T,G,T,T,T,G,G,A,T,C,T,T,G,G,T,C,C,A,T,G,A,T,G,G,C,C,T,T,T,T,T,A,T,T,G,A,T,T,T,T,G,A,C,G,A,T,T,G,G,A,T,C,T,C,T,C,T,A,T,G,A,A,T,G,G,A,A,A,A,G,G,G,G,T,G,C,T,T,C,G,G,A,T,C,G,G,G,A,G,T,A,A,C,T,A,C,T,A,G,T,G,A,A,A,G,G,G,C,T,A,A,G,G,G,G,G,G,A,A,G,G,A,C,A,T,A,G,G,A,A,A,G,A,G,G,G,A,T,G,C,C,T,A,C,A,A,A,A,A,A,T,C,A,A,T,T,G,A,T,T,C,G,T,C,A,T,G,G,T,A,G,A,G,A,A,G,A,A,A,A,A,C,G,G,C,G,C,A,C,G,G,A,C,C,G,T,A,C,T,C,G,A,G,C,T,T,C,G,G,A,T,C,A,A,T,G,T,C,C,C,C,A,G,A,A,G,C,A,A,G,G,A,G,T,A,T,G,C,C,T,G,C,G,T,G,T,T,T,C,G,A,C,G,A,G,A,A,C,A,C,C,G,A,A,A,A,A,A,C,C,T,A,A,T,T,C,A,G,C,T,C,T,A,C,G,T,A,A,G,A,T,A,G,C,A,A,A,A,G,T,A,C,G,G
T,T,C,C,T,T,T,T,C,C,A,T,T,T,G,C,T,T,C,C,A,A,T,A,G,T,T,C,G,A,C,C,T,A,T,C,C,A,G,A,A,A,A,A,T,T,G,T,C,G,G,C,C,T,A,C,G,A,A,T,G,T,G,G,T,T,T,C,G,A,T,C,C,C,T,C,C,G,G,T,G,A,T,G,C,C,A,G,A,A,G,T,C,G,T,T,T,C,G,A,T,A,T,A,C,G,A,T,T,T,T,A,T,C,C,G,G,T,T,C,C,T,A,T,T,T,T,A,T,T,T,A,T,T,A,T,C,C,C,T,G,A,T,C,C,G,G,A,A,G,T,C,A,C,C,T,T,T,T,C,T,T,T,T,C,C,T,T,G,G,G,C,A,G,T,A,C,C,T,C,C,T,A,A,C,A,A,G,A,T,T,G,A,T,C,T,G,T,T,T,G,G,A,T,C,T,T,G,G,T,C,C,A,T,G,A,T,G,G,C,C,T,T,T,T,T,A,T,T,G,A,T,T,T,T,G,A,C,G,A,T,T,G,G,A,T,C,T,C,T,C,T,A,T,G,A,A,T,G,G,A,A,A,A,G,G,G,G,T,G,C,T,T,C,G,G,A,T,C,G,G,G,A,G,T,A,A,C,T,A,C,T,A,G,T,G,A,A,A,G,G,G,C,T,A,A,G,G,G,G,G,G,A,A,G,G,A,C,A,T,A,G,G,A,A,A,G,A,G,G,G,A,T,G,C,C,T,A,C,A,A,A,A,A,A,T,C,A,A,T,T,G,A,T,T,C,G,T,C,A,T,G,G,T,A,G,A,G,A,A,G,A,A,A,A,A,C,G,G,C,G,C,A,C,G,G,A,C,C,G,T,A,C,T,C,G,A,G,C,T,T,C,G,G,A,T,C,A,A,T,G,T,C,C,C,C,A,G,A,A,G,C,A,A,G,G,A,G,T,A,T,G,C,C,T,G,C,G,T,G,T,T,T,C,G,A,C,G,A,G,A,A,C,A,C,C,G,A,A,A,A,A,A,C,C,T,A,A,T,T,C,A,G,C,T,C,T,A,C,G,T,A,A,G,A,T,A,G,C,A,A,A,A,G,T,A,C,G,G,T,T
C,A,G,T,A,C,C,T,C,C,T,A,A,C,A,A,G,A,T,T,G,A,T,C,T,G,T,T,T,G,G,A,T,C,T,T,G,G,T,C,C,A,T,G,A,T,G,G,C,C,T,T,T,T,T,A,T,T,G,A,T,T,T,T,G,A,C,G,A,T,T,G,G,A,T,C,T,C,T,C,T,A,T,G,A,A,T,G,G,A,A,A,A,G,G,G,G,T,G,C,T,T,C,G,G,A,T,C,G,G,G,A,G,T,A,A,C,T,A,C,T,A,G,T,G,A,A,A,G,G,G,C,T,A,A,G,G,G,G,G,G,A,A,G,G,A,C,A,T,A,G,G,A,A,A,G,A,G,G,G,A,T,G,C,C,T,A,C,A,A,A,A,A,A,T,C,A,A,T,T,G,A,T,T,C,G,T,C,A,T,G,G,T,A,G,A,G,A,A,G,A,A,A,A,A,C,G,G,C,G,C,A,C,G,G,A,C,C,G,T,A,C,T,C,G,A,G,C,T,T,C,G,G,A,T,C,A,A,T,G,T,C,C,C,C,A,G,A,A,G,C,A,A,G,G,A,G,T,A,T,G,C,C,T,G,C,G,T,G,T,T,T,C,G,A,C,G,A,G,A,A,C,A,C,C,G,A,A,A,A,A,A,C,C,T,A,A,T,T,C,A,G,C,T,C,T,A,C,G,T,A,A,G,A,T,A,G,C,A,A,A,A,G,T,A,C,G,G,T,T,G,A,G,C,A,A,T,C,G,A,C,A,T,G,A,T,A,T,A,T,T,T,G,C,T,C,A,C,A,T,T,C,C,A,G,G,C,G,A,A,G,G,T,C,A,T,A,A,T,T,C,G,C,A,G,G,A,A,C,A,T,T,C,T,A,T,A,G,T,C,T,T,A,G,T,C,A,G,A,G,G,A,G,G,T,A,G,A,G,T,G,A,A,A,G,A,T,T,C,G,C,C,A,G,G,T,G,T,G,A,A,A,T,C,C,C,A,T,C,G,T,A,T,T,C,G,A,G,G,A,G,T,C,A,A,G,G,A,T,T,T,G,C,T,G,G,G,A,A,T,T,C,C,G,G,A,T,C,G,T,A,G,A,A,A,G,G,G,A,A,G
A,G,A,A,C,G,A,A,G,T,G,G,G,C,T,T,T,G,G,T,G,A,T,G,T,C,G,G,A,A,T,T,T,G,C,A,C,C,T,A,T,T,T,G,T,A,T,C,T,A,T,T,T,A,G,T,G,A,T,C,A,G,T,C,C,G,C,T,A,G,T,T,T,C,T,T,T,G,A,T,T,C,C,A,C,T,C,G,G,T,G,T,T,C,C,T,T,T,T,C,C,A,T,T,T,G,C,T,T,C,C,A,A,T,A,G,T,T,C,G,A,C,C,T,A,T,C,C,A,G,A,A,A,A,A,T,T,G,T,C,G,G,C,C,T,A,C,G,A,A,T,G,T,G,G,T,T,T,C,G,A,T,C,C,C,T,C,C,G,G,T,G,A,T,G,C,C,A,G,A,A,G,T,C,G,T,T,T,C,G,A,T,A,T,A,C,G,A,T,T,T,T,A,T,C,C,G,G,T,T,C,C,T,A,T,T,T,T,A,T,T,T,A,T,T,A,T,C,C,C,T,G,A,T,C,C,G,G,A,A,G,T,C,A,C,C,T,T,T,T,C,T,T,T,T,C,C,T,T,G,G,G,C,A,G,T,A,C,C,T,C,C,T,A,A,C,A,A,G,A,T,T,G,A,T,C,T,G,T,T,T,G,G,A,T,C,T,T,G,G,T,C,C,A,T,G,A,T,G,G,C,C,T,T,T,T,T,A,T,T,G,A,T,T,T,T,G,A,C,G,A,T,T,G,G,A,T,C,T,C,T,C,T,A,T,G,A,A,T,G,G,A,A,A,A,G,G,G,G,T,G,C,T,T,C,G,G,A,T,C,G,G,G,A,G,T,A,A,C,T,A,C,T,A,G,T,G,A,A,A,G,G,G,C,T,A,A,G,G,G,G,G,G,A,A,G,G,A,C,A,T,A,G,G,A,A,A,G,A,G,G,G,A,T,G,C,C,T,A,C,A,A,A,A,A,A,T,C,A,A,T,T,G,A,T,T,C,G,T,C,A,T,G,G,T,A,G,A,G,A,A,G,A,A,A,A,A,C,G,G,C,G,C,A,C,G,G,A,C,C,G,T,A,C,T,C,G,A,G,C,T,T,C,G,G,A,T,C,A,A,T
G,G,T,G,A,T,G,T,C,G,G,A,A,T,T,T,G,C,A,C,C,T,A,T,T,T,G,T,A,T,C,T,A,T,T,T,A,G,T,G,A,T,C,A,G,T,C,C,G,C,T,A,G,T,T,T,C,T,T,T,G,A,T,T,C,C,A,C,T,C,G,G,T,G,T,T,C,C,T,T,T,T,C,C,A,T,T,T,G,C,T,T,C,C,A,A,T,A,G,T,T,C,G,A,C,C,T,A,T,C,C,A,G,A,A,A,A,A,T,T,G,T,C,G,G,C,C,T,A,C,G,A,A,T,G,T,G,G,T,T,T,C,G,A,T,C,C,C,T,C,C,G,G,T,G,A,T,G,C,C,A,G,A,A,G,T,C,G,T,T,T,C,G,A,T,A,T,A,C,G,A,T,T,T,T,A,T,C,C,G,G,T,T,C,C,T,A,T,T,T,T,A,T,T,T,A,T,T,A,T,C,C,C,T,G,A,T,C,C,G,G,A,A,G,T,C,A,C,C,T,T,T,T,C,T,T,T,T,C,C,T,T,G,G,G,C,A,G,T,A,C,C,T,C,C,T,A,A,C,A,A,G,A,T,T,G,A,T,C,T,G,T,T,T,G,G,A,T,C,T,T,G,G,T,C,C,A,T,G,A,T,G,G,C,C,T,T,T,T,T,A,T,T,G,A,T,T,T,T,G,A,C,G,A,T,T,G,G,A,T,C,T,C,T,C,T,A,T,G,A,A,T,G,G,A,A,A,A,G,G,G,G,T,G,C,T,T,C,G,G,A,T,C,G,G,G,A,G,T,A,A,C,T,A,C,T,A,G,T,G,A,A,A,G,G,G,C,T,A,A,G,G,G,G,G,G,A,A,G,G,A,C,A,T,A,G,G,A,A,A,G,A,G,G,G,A,T,G,C,C,T,A,C,A,A,A,A,A,A,T,C,A,A,T,T,G,A,T,T,C,G,T,C,A,T,G,G,T,A,G,A,G,A,A,G,A,A,A,A,A,C,G,G,C,G,C,A,C,G,G,A,C,C,G,T,A,C,T,C,G,A,G,C,T,T,C,G,G,A,T,C,A,A,T,G,T,C,C,C,C,A,G,A,A,G,C,A,A,G,G,A
A,T,G,T,C,G,G,A,A,T,T,T,G,C,A,C,C,T,A,T,T,T,G,T,A,T,C,T,A,T,T,T,A,G,T,G,A,T,C,A,G,T,C,C,G,C,T,A,G,T,T,T,C,T,T,T,G,A,T,T,C,C,A,C,T,C,G,G,T,G,T,T,C,C,T,T,T,T,C,C,A,T,T,T,G,C,T,T,C,C,A,A,T,A,G,T,T,C,G,A,C,C,T,A,T,C,C,A,G,A,A,A,A,A,T,T,G,T,C,G,G,C,C,T,A,C,G,A,A,T,G,T,G,G,T,T,T,C,G,A,T,C,C,C,T,C,C,G,G,T,G,A,T,G,C,C,A,G,A,A,G,T,C,G,T,T,T,C,G,A,T,A,T,A,C,G,A,T,T,T,T,A,T,C,C,G,G,T,T,C,C,T,A,T,T,T,T,A,T,T,T,A,T,T,A,T,C,C,C,T,G,A,T,C,C,G,G,A,A,G,T,C,A,C,C,T,T,T,T,C,T,T,T,T,C,C,T,T,G,G,G,C,A,G,T,A,C,C,T,C,C,T,A,A,C,A,A,G,A,T,T,G,A,T,C,T,G,T,T,T,G,G,A,T,C,T,T,G,G,T,C,C,A,T,G,A,T,G,G,C,C,T,T,T,T,T,A,T,T,G,A,T,T,T,T,G,A,C,G,A,T,T,G,G,A,T,C,T,C,T,C,T,A,T,G,A,A,T,G,G,A,A,A,A,G,G,G,G,T,G,C,T,T,C,G,G,A,T,C,G,G,G,A,G,T,A,A,C,T,A,C,T,A,G,T,G,A,A,A,G,G,G,C,T,A,A,G,G,G,G,G,G,A,A,G,G,A,C,A,T,A,G,G,A,A,A,G,A,G,G,G,A,T,G,C,C,T,A,C,A,A,A,A,A,A,T,C,A,A,T,T,G,A,T,T,C,G,T,C,A,T,G,G,T,A,G,A,G,A,A,G,A,A,A,A,A,C,G,G,C,G,C,A,C,G,G,A,C,C,G,T,A,C,T,C,G,A,G,C,T,T,C,G,G,A,T,C,A,A,T,G,T,C,C,C,C,A,G,A,A,G,C,A,A,G,G,A,G,T,A,T
A,T,C,T,A,T,T,T,A,G,T,G,A,T,C,A,G,T,C,C,G,C,T,A,G,T,T,T,C,T,T,T,G,A,T,T,C,C,A,C,T,C,G,G,T,G,T,T,C,C,T,T,T,T,C,C,A,T,T,T,G,C,T,T,C,C,A,A,T,A,G,T,T,C,G,A,C,C,T,A,T,C,C,A,G,A,A,A,A,A,T,T,G,T,C,G,G,C,C,T,A,C,G,A,A,T,G,T,G,G,T,T,T,C,G,A,T,C,C,C,T,C,C,G,G,T,G,A,T,G,C,C,A,G,A,A,G,T,C,G,T,T,T,C,G,A,T,A,T,A,C,G,A,T,T,T,T,A,T,C,C,G,G,T,T,C,C,T,A,T,T,T,T,A,T,T,T,A,T,T,A,T,C,C,C,T,G,A,T,C,C,G,G,A,A,G,T,C,A,C,C,T,T,T,T,C,T,T,T,T,C,C,T,T,G,G,G,C,A,G,T,A,C,C,T,C,C,T,A,A,C,A,A,G,A,T,T,G,A,T,C,T,G,T,T,T,G,G,A,T,C,T,T,G,G,T,C,C,A,T,G,A,T,G,G,C,C,T,T,T,T,T,A,T,T,G,A,T,T,T,T,G,A,C,G,A,T,T,G,G,A,T,C,T,C,T,C,T,A,T,G,A,A,T,G,G,A,A,A,A,G,G,G,G,T,G,C,T,T,C,G,G,A,T,C,G,G,G,A,G,T,A,A,C,T,A,C,T,A,G,T,G,A,A,A,G,G,G,C,T,A,A,G,G,G,G,G,G,A,A,G,G,A,C,A,T,A,G,G,A,A,A,G,A,G,G,G,A,T,G,C,C,T,A,C,A,A,A,A,A,A,T,C,A,A,T,T,G,A,T,T,C,G,T,C,A,T,G,G,T,A,G,A,G,A,A,G,A,A,A,A,A,C,G,G,C,G,C,A,C,G,G,A,C,C,G,T,A,C,T,C,G,A,G,C,T,T,C,G,G,A,T,C,A,A,T,G,T,C,C,C,C,A,G,A,A,G,C,A,A,G,G,A,G,T,A,T,G,C,C,T,G,C,G,T,G,T,T,T,C,G,A,C,G,A,G,A,A,C,A,C
G,G,T,G,T,T,C,C,T,T,T,T,C,C,A,T,T,T,G,C,T,T,C,C,A,A,T,A,G,T,T,C,G,A,C,C,T,A,T,C,C,A,G,A,A,A,A,A,T,T,G,T,C,G,G,C,C,T,A,C,G,A,A,T,G,T,G,G,T,T,T,C,G,A,T,C,C,C,T,C,C,G,G,T,G,A,T,G,C,C,A,G,A,A,G,T,C,G,T,T,T,C,G,A,T,A,T,A,C,G,A,T,T,T,T,A,T,C,C,G,G,T,T,C,C,T,A,T,T,T,T,A,T,T,T,A,T,T,A,T,C,C,C,T,G,A,T,C,C,G,G,A,A,G,T,C,A,C,C,T,T,T,T,C,T,T,T,T,C,C,T,T,G,G,G,C,A,G,T,A,C,C,T,C,C,T,A,A,C,A,A,G,A,T,T,G,A,T,C,T,G,T,T,T,G,G,A,T,C,T,T,G,G,T,C,C,A,T,G,A,T,G,G,C,C,T,T,T,T,T,A,T,T,G,A,T,T,T,T,G,A,C,G,A,T,T,G,G,A,T,C,T,C,T,C,T,A,T,G,A,A,T,G,G,A,A,A,A,G,G,G,G,T,G,C,T,T,C,G,G,A,T,C,G,G,G,A,G,T,A,A,C,T,A,C,T,A,G,T,G,A,A,A,G,G,G,C,T,A,A,G,G,G,G,G,G,A,A,G,G,A,C,A,T,A,G,G,A,A,A,G,A,G,G,G,A,T,G,C,C,T,A,C,A,A,A,A,A,A,T,C,A,A,T,T,G,A,T,T,C,G,T,C,A,T,G,G,T,A,G,A,G,A,A,G,A,A,A,A,A,C,G,G,C,G,C,A,C,G,G,A,C,C,G,T,A,C,T,C,G,A,G,C,T,T,C,G,G,A,T,C,A,A,T,G,T,C,C,C,C,A,G,A,A,G,C,A,A,G,G,A,G,T,A,T,G,C,C,T,G,C,G,T,G,T,T,T,C,G,A,C,G,A,G,A,A,C,A,C,C,G,A,A,A,A,A,A,C,C,T,A,A,T,T,C,A,G,C,T,C,T,A,C,G,T,A,A,G,A,T,A,G,C,A,A,A,A,G,T,A,C
A,G,T,T,C,G,A,C,C,T,A,T,C,C,A,G,A,A,A,A,A,T,T,G,T,C,G,G,C,C,T,A,C,G,A,A,T,G,T,G,G,T,T,T,C,G,A,T,C,C,C,T,C,C,G,G,T,G,A,T,G,C,C,A,G,A,A,G,T,C,G,T,T,T,C,G,A,T,A,T,A,C,G,A,T,T,T,T,A,T,C,C,G,G,T,T,C,C,T,A,T,T,T,T,A,T,T,T,A,T,T,A,T,C,C,C,T,G,A,T,C,C,G,G,A,A,G,T,C,A,C,C,T,T,T,T,C,T,T,T,T,C,C,T,T,G,G,G,C,A,G,T,A,C,C,T,C,C,T,A,A,C,A,A,G,A,T,T,G,A,T,C,T,G,T,T,T,G,G,A,T,C,T,T,G,G,T,C,C,A,T,G,A,T,G,G,C,C,T,T,T,T,T,A,T,T,G,A,T,T,T,T,G,A,C,G,A,T,T,G,G,A,T,C,T,C,T,C,T,A,T,G,A,A,T,G,G,A,A,A,A,G,G,G,G,T,G,C,T,T,C,G,G,A,T,C,G,G,G,A,G,T,A,A,C,T,A,C,T,A,G,T,G,A,A,A,G,G,G,C,T,A,A,G,G,G,G,G,G,A,A,G,G,A,C,A,T,A,G,G,A,A,A,G,A,G,G,G,A,T,G,C,C,T,A,C,A,A,A,A,A,A,T,C,A,A,T,T,G,A,T,T,C,G,T,C,A,T,G,G,T,A,G,A,G,A,A,G,A,A,A,A,A,C,G,G,C,G,C,A,C,G,G,A,C,C,G,T,A,C,T,C,G,A,G,C,T,T,C,G,G,A,T,C,A,A,T,G,T,C,C,C,C,A,G,A,A,G,C,A,A,G,G,A,G,T,A,T,G,C,C,T,G,C,G,T,G,T,T,T,C,G,A,C,G,A,G,A,A,C,A,C,C,G,A,A,A,A,A,A,C,C,T,A,A,T,T,C,A,G,C,T,C,T,A,C,G,T,A,A,G,A,T,A,G,C,A,A,A,A,G,T,A,C,G,G,T,T,G,A,G,C,A,A,T,C,G,A,C,A,T,G,A,T,A,T,A,T,T,T,G
G,A,C,C,T,A,T,C,C,A,G,A,A,A,A,A,T,T,G,T,C,G,G,C,C,T,A,C,G,A,A,T,G,T,G,G,T,T,T,C,G,A,T,C,C,C,T,C,C,G,G,T,G,A,T,G,C,C,A,G,A,A,G,T,C,G,T,T,T,C,G,A,T,A,T,A,C,G,A,T,T,T,T,A,T,C,C,G,G,T,T,C,C,T,A,T,T,T,T,A,T,T,T,A,T,T,A,T,C,C,C,T,G,A,T,C,C,G,G,A,A,G,T,C,A,C,C,T,T,T,T,C,T,T,T,T,C,C,T,T,G,G,G,C,A,G,T,A,C,C,T,C,C,T,A,A,C,A,A,G,A,T,T,G,A,T,C,T,G,T,T,T,G,G,A,T,C,T,T,G,G,T,C,C,A,T,G,A,T,G,G,C,C,T,T,T,T,T,A,T,T,G,A,T,T,T,T,G,A,C,G,A,T,T,G,G,A,T,C,T,C,T,C,T,A,T,G,A,A,T,G,G,A,A,A,A,G,G,G,G,T,G,C,T,T,C,G,G,A,T,C,G,G,G,A,G,T,A,A,C,T,A,C,T,A,G,T,G,A,A,A,G,G,G,C,T,A,A,G,G,G,G,G,G,A,A,G,G,A,C,A,T,A,G,G,A,A,A,G,A,G,G,G,A,T,G,C,C,T,A,C,A,A,A,A,A,A,T,C,A,A,T,T,G,A,T,T,C,G,T,C,A,T,G,G,T,A,G,A,G,A,A,G,A,A,A,A,A,C,G,G,C,G,C,A,C,G,G,A,C,C,G,T,A,C,T,C,G,A,G,C,T,T,C,G,G,A,T,C,A,A,T,G,T,C,C,C,C,A,G,A,A,G,C,A,A,G,G,A,G,T,A,T,G,C,C,T,G,C,G,T,G,T,T,T,C,G,A,C,G,A,G,A,A,C,A,C,C,G,A,A,A,A,A,A,C,C,T,A,A,T,T,C,A,G,C,T,C,T,A,C,G,T,A,A,G,A,T,A,G,C,A,A,A,A,G,T,A,C,G,G,T,T,G,A,G,C,A,A,T,C,G,A,C,A,T,G,A,T,A,T,A,T,T,T,G,C,T,C,A,C
C,A,C,C,T,T,T,T,C,T,T,T,T,C,C,T,T,G,G,G,C,A,G,T,A,C,C,T,C,C,T,A,A,C,A,A,G,A,T,T,G,A,T,C,T,G,T,T,T,G,G,A,T,C,T,T,G,G,T,C,C,A,T,G,A,T,G,G,C,C,T,T,T,T,T,A,T,T,G,A,T,T,T,T,G,A,C,G,A,T,T,G,G,A,T,C,T,C,T,C,T,A,T,G,A,A,T,G,G,A,A,A,A,G,G,G,G,T,G,C,T,T,C,G,G,A,T,C,G,G,G,A,G,T,A,A,C,T,A,C,T,A,G,T,G,A,A,A,G,G,G,C,T,A,A,G,G,G,G,G,G,A,A,G,G,A,C,A,T,A,G,G,A,A,A,G,A,G,G,G,A,T,G,C,C,T,A,C,A,A,A,A,A,A,T,C,A,A,T,T,G,A,T,T,C,G,T,C,A,T,G,G,T,A,G,A,G,A,A,G,A,A,A,A,A,C,G,G,C,G,C,A,C,G,G,A,C,C,G,T,A,C,T,C,G,A,G,C,T,T,C,G,G,A,T,C,A,A,T,G,T,C,C,C,C,A,G,A,A,G,C,A,A,G,G,A,G,T,A,T,G,C,C,T,G,C,G,T,G,T,T,T,C,G,A,C,G,A,G,A,A,C,A,C,C,G,A,A,A,A,A,A,C,C,T,A,A,T,T,C,A,G,C,T,C,T,A,C,G,T,A,A,G,A,T,A,G,C,A,A,A,A,G,T,A,C,G,G,T,T,G,A,G,C,A,A,T,C,G,A,C,A,T,G,A,T,A,T,A,T,T,T,G,C,T,C,A,C,A,T,T,C,C,A,G,G,C,G,A,A,G,G,T,C,A,T,A,A,T,T,C,G,C,A,G,G,A,A,C,A,T,T,C,T,A,T,A,G,T,C,T,T,A,G,T,C,A,G,A,G,G,A,G,G,T,A,G,A,G,T,G,A,A,A,G,A,T,T,C,G,C,C,A,G,G,T,G,T,G,A,A,A,T,C,C,C,A,T,C,G,T,A,T,T,C,G,A,G,G,A,G,T,C,A,A,G,G,A,T,T,T,G,C,T,G,G,G,A,A,T,T
